nombre,precio,enlace
Nokia Lumia 620,"20,00 ‚Ç¨",https://es.wallapop.com/item/nokia-lumia-620-1003213270
Tel√©fono inteligente Nokia Lumia Cyan,"10,00 ‚Ç¨",https://es.wallapop.com/item/smartphone-nokia-lumia-cyan-1002474545
Nokia Lumia 930,"35,00 ‚Ç¨",https://es.wallapop.com/item/nokia-lumia-930-1002147971
Nokia Lumia 735,"20,00 ‚Ç¨",https://es.wallapop.com/item/nokia-lumia-735-1002147632
Nokia Lumia 640 lite,"10,00 ‚Ç¨",https://es.wallapop.com/item/nokia-lumia-640-lte-1001634794
Conjunto Nokia Lumia,"85,00 ‚Ç¨",https://es.wallapop.com/item/set-nokia-lumia-1000952529
Nokia lumia 800,"20,00 ‚Ç¨",https://es.wallapop.com/item/nokia-lumia-800-1001760700
Nokia Lumia 610,"8,00 ‚Ç¨",https://es.wallapop.com/item/nokia-lumia-610-1002007146
Nokia Lumia 520,"60,00 ‚Ç¨",https://es.wallapop.com/item/nokia-lumia-520-1000827154
Bater√≠a BV-T5E original de Microsoft para Nokia LUMIA,"8,00 ‚Ç¨",https://es.wallapop.com/item/microsoft-batteria-originale-bv-t5e-nokia-lumia-1001655032
Nokia Lumia 530,"25,00 ‚Ç¨",https://es.wallapop.com/item/nokia-lumia-530-1001058253
Funda Nokia Lumia 625,"2,00 ‚Ç¨",https://es.wallapop.com/item/cover-nokia-lumia-625-999469074
Nokia Lumia 710,"10,00 ‚Ç¨",https://es.wallapop.com/item/nokia-lumia-710-1001659136
Bateria Nokia Lumia 1520,"5,00 ‚Ç¨",https://es.wallapop.com/item/bateria-nokia-lumia-1520-1000911332
NOKIA LUMIA 530,"25,00 ‚Ç¨",https://es.wallapop.com/item/nokia-lumia-530-1000332193
Smartphone Nokia Lumia 720 Vodafone,"10,00 ‚Ç¨",https://es.wallapop.com/item/smartphone-nokia-lumia-720-vodafone-998248960
dos nokia lumia 610 NFC,"20,00 ‚Ç¨",https://es.wallapop.com/item/dos-nokia-lumia-610-nfc-1000873069
Nokia Lumia 520 Negro,"70,00 ‚Ç¨",https://es.wallapop.com/item/nokia-lumia-520-negro-999898537
üíØ Nokia Lumia 625,"15,00 ‚Ç¨",https://es.wallapop.com/item/nokia-lumia-625-996797830
Telef√≥vil Nokia Lumia,"45,00 ‚Ç¨",https://es.wallapop.com/item/telemovel-nokia-lumia-999388467
Nokia Lumia 635 verde,"18,00 ‚Ç¨",https://es.wallapop.com/item/nokia-lumia-635-verde-996555985
MOVIL NOKIA LUMIA 925,"30,00 ‚Ç¨",https://es.wallapop.com/item/movil-nokia-lumia-925-999135083
Nokia Lumia 835,"35,00 ‚Ç¨",https://es.wallapop.com/item/nokia-lumia-835-995039638
Nokia lumia 626 verde,"8,00 ‚Ç¨",https://es.wallapop.com/item/nokia-lumia-626-verde-999285916
telefono movil nokia lumia 635,"69,00 ‚Ç¨",https://es.wallapop.com/item/telefono-movil-nokia-lumia-635-998651278
Nokia Lumia con funda,"25,00 ‚Ç¨",https://es.wallapop.com/item/n-2-nokia-lumia-con-custodia-993017249
NOKIA PUREVIEW CARL ZEISSüì±,"35,00 ‚Ç¨",https://es.wallapop.com/item/nokia-pureview-carl-zeiss-998933273
Tel√©fono Nokia Lumia 520,"15,00 ‚Ç¨",https://es.wallapop.com/item/telefono-nokia-lumia-520-998449095
Movil NOKIA LUMIA 830,"50,00 ‚Ç¨",https://es.wallapop.com/item/movil-nokia-lumia-830-996928843
Nokia lumia 8Gb,"15,00 ‚Ç¨",https://es.wallapop.com/item/nokia-lumia-8gb-998330327
NOKIA LUMIA 640,"20,00 ‚Ç¨",https://es.wallapop.com/item/nokia-lumia-640-998455676
Nokia Lumia 610 8GB,"17,00 ‚Ç¨",https://es.wallapop.com/item/nokia-lumia-610-8gb-996219275
Nokia lumia,"30,00 ‚Ç¨",https://es.wallapop.com/item/nokia-lumia-990007952
"Nokia Lumia 800 Fucsia,ideal para coleccionista.","19,00 ‚Ç¨",https://es.wallapop.com/item/nokia-lumia-800-fucsia-para-coleccionista-998513718
nokia lumia 610 nfc,"18,95 ‚Ç¨",https://es.wallapop.com/item/nokia-lumia-610-nfc-994574886
El smartphone Nokia Lumia 520 a la venta,"30,00 ‚Ç¨",https://es.wallapop.com/item/vendo-smartphone-nokua-lumia-520-992300807
Nokia Lumia 620,"10,00 ‚Ç¨",https://es.wallapop.com/item/nokia-lumia-620-990836797
Nokia lumia,"20,00 ‚Ç¨",https://es.wallapop.com/item/nokia-lumia-995408509
Telefono movil,"60,00 ‚Ç¨",https://es.wallapop.com/item/telefono-movil-999752814
Pantalla T√°ctil para Nokia Lumia 530,"10,00 ‚Ç¨",https://es.wallapop.com/item/pantalla-tactil-para-nokia-lumia-530-991441949
Nokia Lumia 625 negro,"15,00 ‚Ç¨",https://es.wallapop.com/item/nokia-lumia-625-negro-995646881
Nokia LUMIA 520 negro desbloqueado,"10,00 ‚Ç¨",https://es.wallapop.com/item/nokia-lumia-520-nero-sbloccato-991640120
Nokia Lumia 950XL,"100,00 ‚Ç¨",https://es.wallapop.com/item/nokia-lumia-950xl-995773479
NOKIA LUMIA LTE,"20,00 ‚Ç¨",https://es.wallapop.com/item/nokia-lumia-lte-995155354
NOKIA LUMIA 630 üö® NO SE CARGAR√Å üö®,"15,00 ‚Ç¨",https://es.wallapop.com/item/nokia-lumia-630-non-si-carica-992101421
Pantalla Nokia Lumia,"8,00 ‚Ç¨",https://es.wallapop.com/item/displey-nokia-lumia-988618153
antalla Tactil Digitizer Nokia Lumia 520 / 525,"10,00 ‚Ç¨",https://es.wallapop.com/item/antalla-tactil-digitizer-nokia-lumia-520-525-991442537
Nokia Lumia 530 x2 + Lumia 820,"8,00 ‚Ç¨",https://es.wallapop.com/item/nokia-lumia-530-2-unidades-996505723
T√°ctiles Nokia lumia N520,"8,00 ‚Ç¨",https://es.wallapop.com/item/tactiles-nokia-lumia-n520-991919562
M√≥vil NoKia LuMia .,"20,00 ‚Ç¨",https://es.wallapop.com/item/movil-nokia-lumia-988275835
Tel√©fono Nokia 630,"30,00 ‚Ç¨",https://es.wallapop.com/item/telefono-nokia-630-998017082
Micrisoft Lumia & Nokia Lumia,"15,00 ‚Ç¨",https://es.wallapop.com/item/micrisoft-lumia-nokia-lumia-984899070
Nokia Lumia 830,"15,00 ‚Ç¨",https://es.wallapop.com/item/nokia-lumia-830-993760690
NOKIA LUMIA 820,"30,00 ‚Ç¨",https://es.wallapop.com/item/nokia-lumia-820-987585362
Nokia Lumia 925,"39,00 ‚Ç¨",https://es.wallapop.com/item/nokia-lumia-925-991792662
Nokia Lumia 959XL,"62,00 ‚Ç¨",https://es.wallapop.com/item/nokia-lumia-959xl-988906051
Nokia Lumia 620,"27,00 ‚Ç¨",https://es.wallapop.com/item/nokia-lumia-620-986671072
NOKIA LUMIA 630,"30,00 ‚Ç¨",https://es.wallapop.com/item/nokia-lumia-630-986568469
Nokia Lumia 920,"35,00 ‚Ç¨",https://es.wallapop.com/item/nokia-lumia-920-986608297
Nokia Lumia 520,"50,00 ‚Ç¨",https://es.wallapop.com/item/nokia-lumia-520-986400649
Nokia Lumia 610,"50,00 ‚Ç¨",https://es.wallapop.com/item/nokia-lumia-610-985211543
Nokia Lumia 520,"20,00 ‚Ç¨",https://es.wallapop.com/item/nokia-lumia-520-985860026
Nokia Lumia 920,"50,00 ‚Ç¨",https://es.wallapop.com/item/nokia-lumia-920-982880472
M√≥vil Nokia Lumia 830,"25,00 ‚Ç¨",https://es.wallapop.com/item/movil-nokia-lumia-830-990638510
Nokia Lumia 510,"8,00 ‚Ç¨",https://es.wallapop.com/item/nokia-lumia-510-985459244
Nokia Lumia 620,"20,00 ‚Ç¨",https://es.wallapop.com/item/nokia-lumia-620-982815182
Telefono Nokia Lumia 800,"29,00 ‚Ç¨",https://es.wallapop.com/item/telefono-nokia-lumia-800-990219371
Nokia Lumia 635,"6,00 ‚Ç¨",https://es.wallapop.com/item/nokia-lumia-635-984521137
Tel√©fono inteligente Nokia Lumia 903,"40,00 ‚Ç¨",https://es.wallapop.com/item/smarthphone-lumia-903-nokia-986583989
Nokia Lumia 535,"12,00 ‚Ç¨",https://es.wallapop.com/item/nokia-lumia-535-985724650
Nokia Lumia 520,"45,00 ‚Ç¨",https://es.wallapop.com/item/nokia-lumia-520-983112587
Nokia Lumia 435,"4,00 ‚Ç¨",https://es.wallapop.com/item/nokia-lumia-435-982331494
Tel√©fono inteligente Nokia Lumia 920,"29,99 ‚Ç¨",https://es.wallapop.com/item/smartphone-nokia-lumia-920-985259626
Tel√©fono inteligente Nokia Lumia 925,"19,99 ‚Ç¨",https://es.wallapop.com/item/smartphone-nokia-lumia-925-980656739
Nokia Lumia 640 XL,"10,00 ‚Ç¨",https://es.wallapop.com/item/nokia-lumia-640-xl-985627928
"smartphone nokia usado, Lumia 630,","30,00 ‚Ç¨",https://es.wallapop.com/item/smartphone-nokia-usato-lumia-630-986873876
Nokia Lumia 925,"40,00 ‚Ç¨",https://es.wallapop.com/item/nokia-lumia-925-981035372
M√≥vil Nokia Lumia 610,"10,00 ‚Ç¨",https://es.wallapop.com/item/movil-nokia-lumia-610-983309824
Nokia Lumia 520,"20,00 ‚Ç¨",https://es.wallapop.com/item/nokia-lumia-520-980372765
Vidrio templado para Lumia nokia 820,"2,00 ‚Ç¨",https://es.wallapop.com/item/vetro-temperato-per-lumia-nokia-820-988431898
Nokia Lumia 635 Windows,"20,00 ‚Ç¨",https://es.wallapop.com/item/nokia-lumia-635-windows-980817894
Nokia lumia 820 para piezas,"5,00 ‚Ç¨",https://es.wallapop.com/item/nokia-lumia-820-para-piezas-983532467
NOKIA LUMIA 530 PANTALLA ROTA,"24,00 ‚Ç¨",https://es.wallapop.com/item/nokia-lumia-530-pantalla-rota-986097838
Nokia Lumia 520 Rojo,"15,00 ‚Ç¨",https://es.wallapop.com/item/nokia-lumia-520-rojo-986459976
NOKIA LUMIA 520 ORANGE,"6,00 ‚Ç¨",https://es.wallapop.com/item/nokia-lumia-520-orange-982513328
Nokia Lumia 925,"10,00 ‚Ç¨",https://es.wallapop.com/item/nokia-lumia-925-982619954
Nokia Lumia 830 Windows Phone 16Gb Blanco Nuevo,"65,00 ‚Ç¨",https://es.wallapop.com/item/nokia-lumia-830-windows-phone-16gb-blanco-nuevo-983292003
Nokia Lumia 625,"50,00 ‚Ç¨",https://es.wallapop.com/item/nokia-lumia-625-979743002
NOKIA LUMIA 800 OCASION,"90,00 ‚Ç¨",https://es.wallapop.com/item/nokia-lumia-800-ocasion-984557034
NOKIA LUMIA 710,"60,00 ‚Ç¨",https://es.wallapop.com/item/nokia-lumia-710-984852648
Nokia Lumia 520 despiece,"5,00 ‚Ç¨",https://es.wallapop.com/item/nokia-lumia-520-despiece-984587246
"Movil Nokia Lumia 520 Nuevo, sin uso","30,00 ‚Ç¨",https://es.wallapop.com/item/movil-nokia-lumia-520-nuevo-sin-uso-977986162
Smartphone Nokia Lumia 830,"15,00 ‚Ç¨",https://es.wallapop.com/item/smartphone-sony-lumia-830-973670729
Movil nokia lumia 830,"49,00 ‚Ç¨",https://es.wallapop.com/item/movil-nokia-lumia-830-989058152
Nokia Lumia 635,"20,00 ‚Ç¨",https://es.wallapop.com/item/nokia-lumia-635-979271464
Nokia Lumia 520,"25,00 ‚Ç¨",https://es.wallapop.com/item/nokia-lumia-520-975617541
nokia lumia 520,"10,00 ‚Ç¨",https://es.wallapop.com/item/nokia-lumia-520-983109878
M√≥vil Nokia Lumia 635,"18,00 ‚Ç¨",https://es.wallapop.com/item/movil-nokia-lumia-635-971415079
Nokia Lumia 520,"10,00 ‚Ç¨",https://es.wallapop.com/item/nokia-lumia-520-981910392
nokia lumia,"15,00 ‚Ç¨",https://es.wallapop.com/item/nokia-lumia-972493146
Bater√≠a litio,"4,00 ‚Ç¨",https://es.wallapop.com/item/bateria-litio-998511672
Nokia Lumia 625,"80,00 ‚Ç¨",https://es.wallapop.com/item/nokia-lumia-625-981972167
NOKIA LUMIA 520,"25,00 ‚Ç¨",https://es.wallapop.com/item/nokia-lumia-520-972021690
Nokia Lumia 520,"15,00 ‚Ç¨",https://es.wallapop.com/item/nokia-lumia-520-958813386
Nokia lumia 520,"16,00 ‚Ç¨",https://es.wallapop.com/item/nokia-lumia-520-970292949
2 MOVILES NOKIA LUMIA 520.,"75,00 ‚Ç¨",https://es.wallapop.com/item/2-moviles-nokia-lumia-520-981582078
Nokia Lumia 520 3 unidades,"20,00 ‚Ç¨",https://es.wallapop.com/item/nokia-lumia-520-3-unidades-975697740
Nokia Lumia 530,"5,00 ‚Ç¨",https://es.wallapop.com/item/nokia-lumia-530-963105040
Nokia Lumia 620,"30,00 ‚Ç¨",https://es.wallapop.com/item/nokia-lumia-620-970774707
Tel√©fono m√≥vil Nokia Lumia 635 (RM-974),"50,00 ‚Ç¨",https://es.wallapop.com/item/telefono-movil-nokia-lumia-635-rm-974-966539903
Nokia Lumia 520,"14,00 ‚Ç¨",https://es.wallapop.com/item/nokia-lumia-520-971176153
Funda trasera Nokia Lumia,"1,00 ‚Ç¨",https://es.wallapop.com/item/funda-trasera-nokia-lumia-966783353
Nokia Lumia 620,"35,00 ‚Ç¨",https://es.wallapop.com/item/nokia-lumia-620-950234541
nokia lumia 635,"20,00 ‚Ç¨",https://es.wallapop.com/item/nokia-lumia-635-977654329
Vendo tel√©fono movil,"50,00 ‚Ç¨",https://es.wallapop.com/item/vendo-telefono-movil-998374320
Nokia Lumia 830,"85,00 ‚Ç¨",https://es.wallapop.com/item/nokia-lumia-830-952921057
Nokia Lumia,"30,00 ‚Ç¨",https://es.wallapop.com/item/nokia-lumia-942625121
Nokia lumia XL950,"150,00 ‚Ç¨",https://es.wallapop.com/item/nokia-lumia-xl950-973937275
Tel√©fono m√≥vil Nokia Lumia 930,"45,00 ‚Ç¨",https://es.wallapop.com/item/cellulare-nokia-lumia-930-963679433
NOKIA LUMIA 610,"90,00 ‚Ç¨",https://es.wallapop.com/item/nokia-lumia-610-974925316
Nokia Lumia 520,"34,00 ‚Ç¨",https://es.wallapop.com/item/nokia-lumia-965340793
Nokia Lumia 530,"35,00 ‚Ç¨",https://es.wallapop.com/item/nokia-lumia-530-967500140
Nokia 735,"8,00 ‚Ç¨",https://es.wallapop.com/item/nokia-735-990673807
Funda para tel√©fono m√≥vil Nokia Lumia,"1,00 ‚Ç¨",https://es.wallapop.com/item/cover-cellulare-nokia-lumia-951116565
Pel√≠cula del Nokia Lumia 520,"5,00 ‚Ç¨",https://es.wallapop.com/item/pelicula-nokia-lumia-520-969536841
Nokia 610,"10,00 ‚Ç¨",https://es.wallapop.com/item/nokia-610-990753302
Nokia lumia,"20,00 ‚Ç¨",https://es.wallapop.com/item/nokia-lumia-957650021
Nokia Lumia 520,"8,00 ‚Ç¨",https://es.wallapop.com/item/nokia-lumia-520-955277747
NOKIA Lumia 800,"12,00 ‚Ç¨",https://es.wallapop.com/item/nokia-lumia-800-955278947
Nokia Lumia 530,"20,00 ‚Ç¨",https://es.wallapop.com/item/nokia-lumia-530-961032245
Nokia 610,"10,00 ‚Ç¨",https://es.wallapop.com/item/nokia-610-991224000
Tel√©fono m√≥vil Nokia Lumia 620,"50,00 ‚Ç¨",https://es.wallapop.com/item/cellulare-nokia-lumia-620-949718554
Nokia Lumia 530 para piezas,"5,00 ‚Ç¨",https://es.wallapop.com/item/nokia-lumia-530-para-piezas-950291820
Nokia Lumia 625,"10,00 ‚Ç¨",https://es.wallapop.com/item/nokia-lumia-625-950744648
M√≥vil üì≤,"20,00 ‚Ç¨",https://es.wallapop.com/item/movil-999083864
Lumia 610,"25,00 ‚Ç¨",https://es.wallapop.com/item/lumia-610-970421397
Nokia Lumia 530,"15,00 ‚Ç¨",https://es.wallapop.com/item/nokia-lumia-530-944389362
M√≥vil Nokia,"30,00 ‚Ç¨",https://es.wallapop.com/item/movil-nokia-980127033
smartphone,"45,00 ‚Ç¨",https://es.wallapop.com/item/smartphone-985944376
Nokia Lumia 630,"10,00 ‚Ç¨",https://es.wallapop.com/item/nokia-lumia-630-947633722
NOKIA LUMIA 710 - CAJA,"5,00 ‚Ç¨",https://es.wallapop.com/item/nokia-lumia-710-scatola-941882672
M√≥vil Nokia Lumia 735,"50,00 ‚Ç¨",https://es.wallapop.com/item/movil-nokia-lumia-735-975146721
Nokia Lumia 610,"30,00 ‚Ç¨",https://es.wallapop.com/item/nokia-lumia-974055205
Nokia Lumia 650,"30,00 ‚Ç¨",https://es.wallapop.com/item/nokia-lumia-650-958668784
Nokia Lumia 630,"20,00 ‚Ç¨",https://es.wallapop.com/item/nokia-lumia-630-935596467
Nokia Lumia 520,"10,00 ‚Ç¨",https://es.wallapop.com/item/nokia-lumia-520-935582920
Nokia - Smartphone Lumia 720 con pantalla t√°ctil,"45,00 ‚Ç¨",https://es.wallapop.com/item/nokia-smartphone-lumia-720-con-schermo-touchscre-963704592
Telefonos Microsoft y Nokia,"10,00 ‚Ç¨",https://es.wallapop.com/item/telefonos-microsoft-y-nokia-979904317
Nokia Lumia 520,"35,00 ‚Ç¨",https://es.wallapop.com/item/nokia-lumia-520-940830941
Nokia Lumia 610 NFC,"9,00 ‚Ç¨",https://es.wallapop.com/item/nokia-lumia-610-nfc-966232957
Nokia lumia 520,"25,00 ‚Ç¨",https://es.wallapop.com/item/nokia-lumia-520-963434157
Nokia Lumia 820 tactil roto,"10,00 ‚Ç¨",https://es.wallapop.com/item/nokia-lumia-820-para-piezas-940863828
nokia lumia 635,"10,00 ‚Ç¨",https://es.wallapop.com/item/nokia-lumia-635-938270208
SMARTPHONE NOKIA LUMIA 625,"7,00 ‚Ç¨",https://es.wallapop.com/item/smartphone-nokia-lumia-625-970382997
Nokia Lumia 830,"20,00 ‚Ç¨",https://es.wallapop.com/item/nokia-lumia-830-956045692
Nokia Lumia 925: ¬°La naranja de la nostalgia!,"50,00 ‚Ç¨",https://es.wallapop.com/item/nokia-lumia-925-l-arancione-della-nostalgia-941432101
Nokia Lumia 930,"40,00 ‚Ç¨",https://es.wallapop.com/item/nokia-lumia-930-957595714
Nokia Lumia 630,"15,00 ‚Ç¨",https://es.wallapop.com/item/nokia-lumia-630-924982315
M√≥vil Nokia Lumia 520,"5,00 ‚Ç¨",https://es.wallapop.com/item/movil-nokia-5200-942870294
Nokia Lumia 630,"9,99 ‚Ç¨",https://es.wallapop.com/item/nokia-lumia-630-931019160
Tel√©fono Nokia 630,"20,00 ‚Ç¨",https://es.wallapop.com/item/nokia-630-969959277
Nokia Lumia 610,"14,99 ‚Ç¨",https://es.wallapop.com/item/nokia-lumia-610-918896023
Tel√©fono celular Nokia 830 sin cargador,"50,00 ‚Ç¨",https://es.wallapop.com/item/telefono-celular-nokia-830-sin-cargador-983523965
Nokia Lumia 550 + cargador + dos cables,"18,00 ‚Ç¨",https://es.wallapop.com/item/cellulare-928847239
Funda para m√≥vil Nokia Lumia 13 20,"1,00 ‚Ç¨",https://es.wallapop.com/item/custodia-cellulare-nokia-lumia-13-20-943907480
Funda para smartphone NOKIA Lumia 650,"1,00 ‚Ç¨",https://es.wallapop.com/item/custodia-per-smartphone-nokia-lumia-650-933235890
Funda para smartphone NOKIA Lumia 930,"1,00 ‚Ç¨",https://es.wallapop.com/item/custodia-per-smartphone-nokia-lumia-930-933231813
Nokia Lumia 520,"15,00 ‚Ç¨",https://es.wallapop.com/item/nokia-lumia-520-925847364
Tapa de bater√≠a negra original para Nokia Lumia 830,"9,00 ‚Ç¨",https://es.wallapop.com/item/nokia-lumia-830-battery-cover-black-nera-originale-934230056
Nokia Lumia 2520 defectuosa + Teclado Kensington,"23,00 ‚Ç¨",https://es.wallapop.com/item/nokia-lumia-2520-defectuosa---teclado-kensington-966018000
Botones del Nokia lumia 520,"2,00 ‚Ç¨",https://es.wallapop.com/item/botoes-nokia-lumia-520-957715035
Nokia lumia 925. Windows 10.,"39,00 ‚Ç¨",https://es.wallapop.com/item/nokia-lumia-925-windows-10-954610871
funda pura para Nokia Lumia 630,"5,00 ‚Ç¨",https://es.wallapop.com/item/puro-cover-nokia-lumia-630-938888966
4 tel√©fonos celulares,"60,00 ‚Ç¨",https://es.wallapop.com/item/4-cellulari-986949331
Nokia lumia 635 nuevo,"55,00 ‚Ç¨",https://es.wallapop.com/item/nokia-lumia-635-961277487
Nokia Lumia 830 libre,"40,00 ‚Ç¨",https://es.wallapop.com/item/nokia-lumia-830-libre-913354079
M√≥vil Nokia Lumia 925 16GB.,"60,00 ‚Ç¨",https://es.wallapop.com/item/movil-nokia-lumia-925-16gb-923954187
Nokia Lumia 520 PIEZAS,"5,00 ‚Ç¨",https://es.wallapop.com/item/nokia-lumia-520-piezas-911941084
Nokia Lumia 925 Movistar,"20,00 ‚Ç¨",https://es.wallapop.com/item/nokia-lumia-925-movistar-960026303
Funda tipo cartera de siete piezas para Nokia Lumia 735,"5,00 ‚Ç¨",https://es.wallapop.com/item/sette-pezzi-wallet-case-nokia-lumia-735-938886502
Nokia Lumia 520,"20,00 ‚Ç¨",https://es.wallapop.com/item/nokia-lumia-520-898198383
Nokia lumia 930 NUEVO,"70,00 ‚Ç¨",https://es.wallapop.com/item/nokia-lumia-930-nuevo-939436833
M√≥vil Nokia Lumia 625,"22,00 ‚Ç¨",https://es.wallapop.com/item/movil-nokia-lumia-625-939570501
nokia lumia 520,"10,00 ‚Ç¨",https://es.wallapop.com/item/nokia-lumia-520-913165122
Tel√©fono m√≥vil Nokia Lumia 820 para piezas,"3,00 ‚Ç¨",https://es.wallapop.com/item/telemovel-nokia-lumia-820-para-pecas-954897664
Nokia Lumia 710,"70,00 ‚Ç¨",https://es.wallapop.com/item/nokia-lumia-710-904808071
funda para Nokia Lumia 1320,"4,00 ‚Ç¨",https://es.wallapop.com/item/custodia-per-nokia-lumia-1320-892554971
Nokia Lumia 520,"50,00 ‚Ç¨",https://es.wallapop.com/item/nokia-lumia-520-907618999
FUNDA DE MOVIL NOKIA LUMIA 1020 NEGRO,"4,50 ‚Ç¨",https://es.wallapop.com/item/funda-de-movil-nokia-lumia-1020-negro-908708779
Nokia Lumia 635,"20,00 ‚Ç¨",https://es.wallapop.com/item/nokia-lumia-635-901144933
"M√≥vil Nokia Lumia 930, libre, en perfecto estado.","33,00 ‚Ç¨",https://es.wallapop.com/item/movil-nokia-lumia-920-libre-en-perfecto-estado-914188769
Tel√©fono m√≥vil Nokia Lumia 535,"10,00 ‚Ç¨",https://es.wallapop.com/item/cellulare-924106198
Funda Nokia Lumia 625,"3,00 ‚Ç¨",https://es.wallapop.com/item/cover-nokia-lumia-625-907772110
Nokia Lumia 710 M√ìVIL ROTO,"2,00 ‚Ç¨",https://es.wallapop.com/item/nokia-lumia-710-movil-roto-941582630
Nokia Lumia 625 libre,"25,00 ‚Ç¨",https://es.wallapop.com/item/nokia-lumia-625-libre-934916314
2 tel√©fonos Nokia Lumia 520 d Movistar para piezas,"5,01 ‚Ç¨",https://es.wallapop.com/item/2-telefonos-nokia-lumia-520-de-movistar-para-pieza-917325347
M√≥vil Nokia Lumia 530,"20,00 ‚Ç¨",https://es.wallapop.com/item/movil-nokia-lumia-530-927874089
Tel√©fono movil,"10,00 ‚Ç¨",https://es.wallapop.com/item/telefono-movil-992944971
Nokia 830,"30,00 ‚Ç¨",https://es.wallapop.com/item/nokia-830-948730991
Nokia Lumia 630,"80,00 ‚Ç¨",https://es.wallapop.com/item/nokia-lumia-630-884659866
Nokia Lumia 800,"20,00 ‚Ç¨",https://es.wallapop.com/item/nokia-lumia800-885262370
nokia Lumia 720,"30,00 ‚Ç¨",https://es.wallapop.com/item/nokia-lumia-720-909021021
Nokia Lumia 610,"30,00 ‚Ç¨",https://es.wallapop.com/item/nokia-lumia-610-863866639
Nokia Lumia 640XL,"15,00 ‚Ç¨",https://es.wallapop.com/item/nokia-lumia-640xl-878433558
Microsoft Nokia Lumia 535 dual sim,"60,00 ‚Ç¨",https://es.wallapop.com/item/microsoft-nokia-lumia-535-dual-sim-918506305
Nokia Lumia 900,"30,00 ‚Ç¨",https://es.wallapop.com/item/nokia-lumia-900-922502342
Funda Nokia Lumia 1520,"10,00 ‚Ç¨",https://es.wallapop.com/item/funda-nokia-lumia-1520-910071220
Nokia Lumia 550,"30,00 ‚Ç¨",https://es.wallapop.com/item/nokia-lumia-550-860986245
Smartphone vintaje,"7,00 ‚Ç¨",https://es.wallapop.com/item/telefono-movil-992748087
protector de pantalla Nokia Lumia 930,"1,00 ‚Ç¨",https://es.wallapop.com/item/pellicola-protettiva-nokia-lumia-930-890328630
celular,"50,00 ‚Ç¨",https://es.wallapop.com/item/cellulare-960498595
Nokia Lumia no detecta Sim,"10,00 ‚Ç¨",https://es.wallapop.com/item/nokia-lumia-no-detecta-sim-906257821
Nokia Lumia 830,"100,00 ‚Ç¨",https://es.wallapop.com/item/nokia-lumia-830-852915297
Nokia Lumia 520 sin usar,"30,00 ‚Ç¨",https://es.wallapop.com/item/nokia-lumia-520-sin-usar-915319371
Nokia Lumia 635 Para Piezas o Arreglar,"20,00 ‚Ç¨",https://es.wallapop.com/item/nokia-lumia-635-para-piezas-o-arreglar-926078381
Nokia Lumia 925,"45,00 ‚Ç¨",https://es.wallapop.com/item/nokia-lumia-925-887174493
Nokia lumia 520,"30,00 ‚Ç¨",https://es.wallapop.com/item/nokia-lumia-520-909295752
Nokia Lumia 735 RM-1038,"20,00 ‚Ç¨",https://es.wallapop.com/item/nokia-lumia-735-rm-1038-937552833
nokia Lumia 520,"20,00 ‚Ç¨",https://es.wallapop.com/item/nokia-lumia-520-881258304
Tel√©fono Nokia Lumia 635,"17,00 ‚Ç¨",https://es.wallapop.com/item/telefono-nokia-lumia-635-916984882
Nokia Lumia 520 *Nuevo,"35,00 ‚Ç¨",https://es.wallapop.com/item/nokia-lumia-520-931703922
Nokia Lumia 735,"12,00 ‚Ç¨",https://es.wallapop.com/item/nokia-lumia-735-937654210
Pantalla Nokia Lumia 1020,"30,00 ‚Ç¨",https://es.wallapop.com/item/pantalla-nokia-lumia-1020-923306423
Microsoft Lumia 640 XL,"28,00 ‚Ç¨",https://es.wallapop.com/item/microsoft-lumia-640-xl-931949165
Lote funda m√≥vil Lumia 530 y L20 (20 fundas),"9,00 ‚Ç¨",https://es.wallapop.com/item/lote-funda-movil-lumia-530-y-l20-20-fundas-985136530
M√ìVIL LUMIA,"15,00 ‚Ç¨",https://es.wallapop.com/item/movil-lumia-435-948538718
Tel√©fono m√≥vil Nokia Lumia. Operador Orange,"20,00 ‚Ç¨",https://es.wallapop.com/item/telefono-movil-nokia-lumia-921335391
Telefono movil Nokia Lumia 520 Rojo,"20,00 ‚Ç¨",https://es.wallapop.com/item/nokia-lumia-520-rojo-910358127
funda tipo cartera Muvit de siete piezas Nokia,"5,00 ‚Ç¨",https://es.wallapop.com/item/sette-pezzi-muvit-wallet-case-nokia-938836697
Nokia Lumia 640 Libre,"10,00 ‚Ç¨",https://es.wallapop.com/item/nokia-lumia-640-libre-883849370
TELEFONO NOKIA LUMIA 625,"15,00 ‚Ç¨",https://es.wallapop.com/item/telefono-nokia-lumia-625-884240688
Nokia lumia 925,"20,00 ‚Ç¨",https://es.wallapop.com/item/nokia-lumia-925-907231052
"M√≥vil,,,,NOKIA,LUMIA 930","45,00 ‚Ç¨",https://es.wallapop.com/item/movil-nokia-lumia-930-855020320
nokia Lumia 610,"25,00 ‚Ç¨",https://es.wallapop.com/item/nokia-lumia-610-866502328
Nokia Lumia800,"25,00 ‚Ç¨",https://es.wallapop.com/item/nokia-lumia800-883284122
Nokia Lumia 620,"15,00 ‚Ç¨",https://es.wallapop.com/item/nokia-lumia-620-881227311
Nokia Lumia 635,"15,00 ‚Ç¨",https://es.wallapop.com/item/nokia-lumia-635-896541905
Nokia Lumia 520,"45,00 ‚Ç¨",https://es.wallapop.com/item/nokia-lumia-520-881996047
Nokia lumia 520,"50,00 ‚Ç¨",https://es.wallapop.com/item/nokia-lumia-520-868852807
Tel√©fono m√≥vil Nokia Lumia 950,"60,00 ‚Ç¨",https://es.wallapop.com/item/cellulare-nokia-lumia-950-863426203
M√≥vil Nokia,"8,00 ‚Ç¨",https://es.wallapop.com/item/movil-nokia-905611114
Nokia Lumia 710 azul,"8,00 ‚Ç¨",https://es.wallapop.com/item/nokia-lumia-710-azul-835466780
Nokia Lumia 520,"50,00 ‚Ç¨",https://es.wallapop.com/item/nokia-lumia-520-846091385
Nokia lumia 800,"30,00 ‚Ç¨",https://es.wallapop.com/item/nokia-lumia-800-809590152
Nokia Lumia 640XL,"50,00 ‚Ç¨",https://es.wallapop.com/item/nokia-lumia-640xl-855523943
Nokia Lumia 530,"15,00 ‚Ç¨",https://es.wallapop.com/item/nokia-lumia-530-871334679
Nokia Lumia 935,"60,00 ‚Ç¨",https://es.wallapop.com/item/nokia-lumia-935-832989282
Nokia,"40,00 ‚Ç¨",https://es.wallapop.com/item/nokia-894787335
Nokia Lumia 920,"18,00 ‚Ç¨",https://es.wallapop.com/item/nokia-lumia-920-871327137
Nokia Lumia 1020,"110,00 ‚Ç¨",https://es.wallapop.com/item/nokia-lumia-1020-906989914
2 LUMIA 800 LIBRES x35e,"35,00 ‚Ç¨",https://es.wallapop.com/item/lumia-800-libre-944311804
Telefono,"90,00 ‚Ç¨",https://es.wallapop.com/item/telefono-966770072
Nokia Lumia 635,"10,00 ‚Ç¨",https://es.wallapop.com/item/nokia-lumia-635-888175101
Pantalla t√°ctil Microsoft Nokia Lumia 520 negra,"4,00 ‚Ç¨",https://es.wallapop.com/item/touchscreen-microsoft-nokia-lumia-520-preto-894462101
Pantalla Nokia Lumia 520,"8,00 ‚Ç¨",https://es.wallapop.com/item/pantalla-nokia-lumia-520-893030636
Nokia Lumia 520 Windows Phone,"40,00 ‚Ç¨",https://es.wallapop.com/item/nokia-lumia-520-windows-phone-858207076
Nokia Lumia 520 negociable,"10,00 ‚Ç¨",https://es.wallapop.com/item/nokia-lumia-520-885971686
M√≥vil,"25,00 ‚Ç¨",https://es.wallapop.com/item/movil-963323736
Nokia Lumia 635,"15,00 ‚Ç¨",https://es.wallapop.com/item/nokia-lumia-635-770960544
Nokia LUMIA 625 ((( COMO NUEVO ))),"35,00 ‚Ç¨",https://es.wallapop.com/item/nokia-lumia-625-como-nuevo-857541209
Nokia lumia 530 Movistar,"20,00 ‚Ç¨",https://es.wallapop.com/item/nokia-lumia-530-movistar-857100626
Nokia Lumia 520,"5,00 ‚Ç¨",https://es.wallapop.com/item/nokia-lumia-520-875907302
Placa base Nokia Lumia 710,"10,00 ‚Ç¨",https://es.wallapop.com/item/scheda-madre-nokia-lumia-710-845869125
Nokia Lumia 925,"18,00 ‚Ç¨",https://es.wallapop.com/item/nokia-lumia-925-773556101
NOKIA LUMIA 800,"100,00 ‚Ç¨",https://es.wallapop.com/item/nokia-lumia-800-772491115
Telefono,"15,00 ‚Ç¨",https://es.wallapop.com/item/telefono-940258538
NOKIA LUMIA 710,"80,00 ‚Ç¨",https://es.wallapop.com/item/nokia-lumia-710-773273273
Nokia Lumia 635,"30,00 ‚Ç¨",https://es.wallapop.com/item/nokia-lumia-635-899125083
Nokia Lumia 1020,"120,00 ‚Ç¨",https://es.wallapop.com/item/nokia-lumia-1020-778661389
Pantalla original Nokia Lumia negra,"4,00 ‚Ç¨",https://es.wallapop.com/item/pantalla-original-nokia-lumia-negra-861465425
Nokia Lumia 625,"39,00 ‚Ç¨",https://es.wallapop.com/item/nokia-lumia-625-849671615
NOKIA LUMIA 610,"15,00 ‚Ç¨",https://es.wallapop.com/item/nokia-lumia-610-876812458
Movil,"0,00 ‚Ç¨",https://es.wallapop.com/item/movil-975277054
Lumia 650 Negro mate,"35,50 ‚Ç¨",https://es.wallapop.com/item/lumia-650-negro-mate-reacondicionado-898091254
Nokia Lumia 530 dual sim,"28,00 ‚Ç¨",https://es.wallapop.com/item/nokia-lumia-530-dual-sim-871293120
Nokia lumia 520 sin usar,"25,00 ‚Ç¨",https://es.wallapop.com/item/nokia-lumia-520-sin-usar-868849494
Nokia Lumia,"10,00 ‚Ç¨",https://es.wallapop.com/item/nokia-lumia-854666532
Nokia Lumia 800,"20,00 ‚Ç¨",https://es.wallapop.com/item/nokia-lumia-800-891432408
Nokia Lumia 820 Windows phone,"20,00 ‚Ç¨",https://es.wallapop.com/item/nokia-lumia-820-windows-phone-864216386
Pack m√≥viles,"25,00 ‚Ç¨",https://es.wallapop.com/item/pack-moviles-984530950
Nokia Lumia 830+Dafang+50 Pok√©mon,"31,50 ‚Ç¨",https://es.wallapop.com/item/nokia-lumia-830-802131327
Nokia Lumia 520,"25,00 ‚Ç¨",https://es.wallapop.com/item/nokia-lumia-520-848031575
Lumia 640 Negro mate,"32,50 ‚Ç¨",https://es.wallapop.com/item/lumia-640-negro-mate-reacondicionado-898089999
Nokia Lumia 950 XL,"125,00 ‚Ç¨",https://es.wallapop.com/item/nokia-lumia-950-xl-807458218
Nokia Lumia 925,"30,00 ‚Ç¨",https://es.wallapop.com/item/nokia-lumia-925-723692226
Movil nokia lumia,"8,00 ‚Ç¨",https://es.wallapop.com/item/mobil-nokia-lumia-716118391
NOKIA LUMIA 530 DUAL SIM,"20,00 ‚Ç¨",https://es.wallapop.com/item/nokia-lumia-530-885592056
Nokia Lumia 635 nuevo,"24,00 ‚Ç¨",https://es.wallapop.com/item/nokia-lumia-635-nuevo-762876278
Nokia Lumia 530,"30,00 ‚Ç¨",https://es.wallapop.com/item/nokia-lumia-530-727932976
Nokia Windows Phone,"20,00 ‚Ç¨",https://es.wallapop.com/item/nokia-windows-phone-903156253
Nokia Lumia 535,"20,00 ‚Ç¨",https://es.wallapop.com/item/nokia-lumia-535-845049999
Nokia Lumia 925 con c√°mara Carl Zeiss PureView,"49,00 ‚Ç¨",https://es.wallapop.com/item/nokia-lumia-925-con-camara-carl-zeiss-pureview-890638496
NOKIA LUMIA 610,"30,00 ‚Ç¨",https://es.wallapop.com/item/nokia-lumia-610-853844113
nokia Lumia 1320 nuevo,"60,00 ‚Ç¨",https://es.wallapop.com/item/nokia-lumia-1320-851798288
Nokia Lumia 520,"60,00 ‚Ç¨",https://es.wallapop.com/item/nokia-lumia-520-743073689
NOKIA LUMIA 520 Windos como nuevo,"18,00 ‚Ç¨",https://es.wallapop.com/item/nokia-lumia-520-windos-como-nuevo-908769689
Cargador de bater√≠a Nokia Microsoft Lumia,"2,00 ‚Ç¨",https://es.wallapop.com/item/caricabatteria-nokia-microsoft-lumia-857890309
Pantalla Completa con Marco para Nokia Lumia 530,"5,00 ‚Ç¨",https://es.wallapop.com/item/pantalla-completa-con-marco-para-nokia-lumia-530-842046895
NOKIA LUMIA 520 WINDOWS PHONE,"12,00 ‚Ç¨",https://es.wallapop.com/item/nokia-lumia-520-windows-phone-835682247
6 Unidades Microsoft Nokia Lumia 550,"29,00 ‚Ç¨",https://es.wallapop.com/item/6-unidades-microsoft-nokia-lumia-550-871336216
Nokia 520,"12,00 ‚Ç¨",https://es.wallapop.com/item/nokia-520-934193091
Movil,"30,00 ‚Ç¨",https://es.wallapop.com/item/movil-962970620
Nokia Lumia 635,"5,00 ‚Ç¨",https://es.wallapop.com/item/nokia-lumia-635-838276196
Funda Verde Original Nokia Lumia 625,"5,00 ‚Ç¨",https://es.wallapop.com/item/funda-verde-original-nokia-lumia-625-738723019
Funda Naranja Original para Nokia Lumia 625,"5,00 ‚Ç¨",https://es.wallapop.com/item/funda-naranja-original-para-nokia-lumia-625-738719125
nokia lumia 550,"22,00 ‚Ç¨",https://es.wallapop.com/item/nokia-lumia-550-768775656
nokia,"50,00 ‚Ç¨",https://es.wallapop.com/item/nokia-883746981
NOKIA LUMIA 625 VODAFONE,"20,00 ‚Ç¨",https://es.wallapop.com/item/nokia-lumia-625-vodafone-876913979
NOKIA Lumia 510,"17,00 ‚Ç¨",https://es.wallapop.com/item/nokia-lumia-510-844057280
Nokia Lumia 930,"50,00 ‚Ç¨",https://es.wallapop.com/item/nokia-lumia-935-859548040
Pantalla LCD Nokia Lumia 535,"6,00 ‚Ç¨",https://es.wallapop.com/item/pantalla-lcd-nokia-lumia-535-842051476
Nokia Lumia 625 Libre Windows Phone,"25,00 ‚Ç¨",https://es.wallapop.com/item/nokia-lumia-625-libre-windows-phone-735731604
Vidrio de pantalla t√°ctil Nokia Lumia N920,"5,00 ‚Ç¨",https://es.wallapop.com/item/vidro-touch-screen-nokia-lumia-n920-856773954
Cargador NOKIA Micro Usb FC0100 5V- 2A,"3,95 ‚Ç¨",https://es.wallapop.com/item/cargador-nokia-micro-usb-fc0100-5v-2a-966901871
Nokia lumia 640,"35,00 ‚Ç¨",https://es.wallapop.com/item/nokia-lumia-640-842111845
Caja y carcasa Nokia lumia 530,"10,00 ‚Ç¨",https://es.wallapop.com/item/caja-y-carcasa-nokia-lumia-530-727182525
M√≥vil tel√©fono,"39,00 ‚Ç¨",https://es.wallapop.com/item/movil-telefono-964311576
Nokia LUMIA 610,"20,00 ‚Ç¨",https://es.wallapop.com/item/nokia-lumia-610-810691199
Nokia Lumia 535 Windows Microsoft,"13,00 ‚Ç¨",https://es.wallapop.com/item/nokia-lumia-535-windows-microsoft-881181830
Funda m√≥vil compatible iphone (sin estrenar),"1,90 ‚Ç¨",https://es.wallapop.com/item/funda-movil-compatible-iphone-sin-estrenar-990926866
Nokia Lumia,"20,00 ‚Ç¨",https://es.wallapop.com/item/nokia-lumia-590127538
Nokia Windows Lumia 530,"20,00 ‚Ç¨",https://es.wallapop.com/item/nokia-windows-lumia-530-893514981
Nokia Microsoft Lummia 920 Windows Phone,"40,00 ‚Ç¨",https://es.wallapop.com/item/nokia-microsoft-lummia-920-windows-phone-897654362
Nokia Lumia 650 con Windows,"45,00 ‚Ç¨",https://es.wallapop.com/item/nokia-lumia-con-windows-861654295
Bateria Nokia Lumia 900 BP-6EW,"13,00 ‚Ç¨",https://es.wallapop.com/item/bateria-nokia-lumia-900-bp-6ew-861602159
tel√©fonos inteligentes nokia lumia 610,"25,00 ‚Ç¨",https://es.wallapop.com/item/cellulari-nokia-lg-732398038
Nokia Lumia 530,"18,00 ‚Ç¨",https://es.wallapop.com/item/nokia-lumia-530-603274832
Nokia lumia,"50,00 ‚Ç¨",https://es.wallapop.com/item/nokia-lumia-684473330
Lumia 640 LTE,"40,00 ‚Ç¨",https://es.wallapop.com/item/lumia-640-lte-865004353
Tel√©fono M√≥vil Nokia,"10,00 ‚Ç¨",https://es.wallapop.com/item/telefono-movil-nokia-878394632
Funda doble para Nokia Lumia 630,"50,00 ‚Ç¨",https://es.wallapop.com/item/nokia-lumia-630-dual-caixa-862120498
tel√©fono NOKIA LUMIA 520 con Windows Phone 8.1,"20,00 ‚Ç¨",https://es.wallapop.com/item/nokia-lumia-520-con-windows-phone-8-1-874857574
Nokia Lumia 530,"8,00 ‚Ç¨",https://es.wallapop.com/item/nokia-lumia-530-605000643
tel√©fono m√≥vil,"8,00 ‚Ç¨",https://es.wallapop.com/item/cellulare-953131322
M√≥vil Nokia Lumia Cyan 925,"35,00 ‚Ç¨",https://es.wallapop.com/item/movil-nokia-lumia-cyan-925-738230932
Nokia lumia 710 nuevo liberado,"45,00 ‚Ç¨",https://es.wallapop.com/item/nokia-lumia-710-nuevo-liberado-637889282
SMARTPHONE WINDOWS PHONE NOKIA LUMIA 920 LIBRE,"20,00 ‚Ç¨",https://es.wallapop.com/item/smartphone-windows-phone-nokia-lumia-920-libre-822377743
Tel√©fono,"45,00 ‚Ç¨",https://es.wallapop.com/item/telefono-959027460
TEL√âFONO NOKIA LUMIA AZUL,"35,00 ‚Ç¨",https://es.wallapop.com/item/nokia-lumia-664925826
Funda Nokia CC-1031 silicona para lumia 800,"3,00 ‚Ç¨",https://es.wallapop.com/item/funda-nokia-cc-1031-silicona-para-lumia-800-885170176
2 M√≥viles Nokia Lumia 635,"40,00 ‚Ç¨",https://es.wallapop.com/item/moviles-nokia-lumia-635-768491280
Nokia Lumia nuevo negociable,"60,00 ‚Ç¨",https://es.wallapop.com/item/nokia-lumia-nuevo-777718848
Movil Nokia Lumia 520,"12,00 ‚Ç¨",https://es.wallapop.com/item/movil-nokia-lumia-520-590656784
NOKIA LUMIA 520 RM914 m√≥dulo pantalla completa ori,"10,00 ‚Ç¨",https://es.wallapop.com/item/nokia-lumia-520-rm914-modulo-pantalla-completa-ori-706718770
Nokia Lumia 925 Windows Phone Movistar,"9,00 ‚Ç¨",https://es.wallapop.com/item/nokia-lumia-925-windows-phone-movistar-835575672
camara grip Nokia lumia 1020,"80,00 ‚Ç¨",https://es.wallapop.com/item/cameragrip-nokia-lumia-1020-700954137
Nokia Lumia 1320,"80,00 ‚Ç¨",https://es.wallapop.com/item/nokia-lumia-1320-678034930
Nokia Lumia 820,"15,00 ‚Ç¨",https://es.wallapop.com/item/nokia-lumia-820-682462293
Telefono Nokia Lumia 640 XL,"50,00 ‚Ç¨",https://es.wallapop.com/item/telefono-nokia-lumia-640-xl-624955559
M√≥vil Nokia Lumia 530,"30,00 ‚Ç¨",https://es.wallapop.com/item/movil-nokia-lumia-530-654732884
Nokia Lumia 925,"25,00 ‚Ç¨",https://es.wallapop.com/item/nokia-lumia-925-553392696
Movil nokia lumia 520 sin estrenar,"50,00 ‚Ç¨",https://es.wallapop.com/item/movil-nokia-lumia-520-sin-estrenar-742004730
Pantalla t√°ctil Nokia Lumia 535 negra (TC2C1607FPC-A1),"4,00 ‚Ç¨",https://es.wallapop.com/item/touchscreen-nokia-lumia-535-preto-tc2c1607fpc-a1-894460855
Tel√©fono m√≥vil Nokia Lumia 800,"15,00 ‚Ç¨",https://es.wallapop.com/item/telefono-movil-nokia-lumia-800-617077764
Nokia Lumia 635 RM-974,"20,00 ‚Ç¨",https://es.wallapop.com/item/nokia-lumia-635-rm-974-776897614
nokia lumia 520 para piezas,"3,00 ‚Ç¨",https://es.wallapop.com/item/nokia-lumia-520-para-piezas-761726278
LOTE DE 12 M√ìVILES +CARGADORES+ LOTE BATERIAS.,"50,00 ‚Ç¨",https://es.wallapop.com/item/lote-de-moviles---lote-baterias-948245924
NOKIA LUMIA 520,"12,00 ‚Ç¨",https://es.wallapop.com/item/nokia-lumia-520-739970472
Nokia 610 nfc,"5,00 ‚Ç¨",https://es.wallapop.com/item/nokia-610-nfc-892690160
nokia lumia 625,"5,00 ‚Ç¨",https://es.wallapop.com/item/nokia-lumia-625-604134896
Bater√≠a NOKIA LUMIA B920,"5,00 ‚Ç¨",https://es.wallapop.com/item/bateria-nokia-lumia-b920-736368224
Vendo 3 tel√©fonos inteligentes para piezas de repuesto,"30,00 ‚Ç¨",https://es.wallapop.com/item/vendo-3-smartphone-per-ricambi-949272939
Nokia Lumia 635,"30,00 ‚Ç¨",https://es.wallapop.com/item/nokia-lumia-635-777232053
Telefono Smartphone NOKIA LUMIA 710 Caja - LIBRE -,"18,00 ‚Ç¨",https://es.wallapop.com/item/telefono-movil-nokia-lumoia-710-caja-movistar-831990070
Tel√©fono M√≥vil Nokia,"10,00 ‚Ç¨",https://es.wallapop.com/item/telefono-movil-nokia-878389052
Funda Microsoft Lumia 640 XL,"12,00 ‚Ç¨",https://es.wallapop.com/item/funda-nokia-640-xl-932359999
Movil Nokia,"60,00 ‚Ç¨",https://es.wallapop.com/item/movil-816450025
carcasa Nokia Lumia 625,"4,00 ‚Ç¨",https://es.wallapop.com/item/carcasa-nokia-lumia-625-515336030
Nokia Lumia 520,"10,00 ‚Ç¨",https://es.wallapop.com/item/nokia-lumia-520-487426919
Nokia Lumia 735,"45,00 ‚Ç¨",https://es.wallapop.com/item/nokia-lumia-735-559822818
NOKIA LUMIA,"35,00 ‚Ç¨",https://es.wallapop.com/item/nokia-lumia-431048351
Telefono movil Nokia Lumia,"25,00 ‚Ç¨",https://es.wallapop.com/item/telefono-movil-nokia-lumia-565156937
Tel√©fono m√≥vil Nokia Lumia 520,"30,00 ‚Ç¨",https://es.wallapop.com/item/telefono-movil-nokia-lumia-520-621876145
NOKIA LUMIA 520,"30,00 ‚Ç¨",https://es.wallapop.com/item/nokia-lumia-520-551810402
movil nokia lumia 635.,"20,00 ‚Ç¨",https://es.wallapop.com/item/movil-nokia-lumia-635-581498484
Protector pantalla Nokia Lumia 610,"3,00 ‚Ç¨",https://es.wallapop.com/item/proyectos-pantalla-nokia-lumia-610-506395720
Nokia 520 Lumia,"10,00 ‚Ç¨",https://es.wallapop.com/item/nokia-520-lumia-764185565
Nokia lumia,"20,00 ‚Ç¨",https://es.wallapop.com/item/nokia-lumia-para-piezas-651788002
Tel√©fonos inteligentes,"30,00 ‚Ç¨",https://es.wallapop.com/item/smartphone-934503978
Nokia lumia 1520,"30,00 ‚Ç¨",https://es.wallapop.com/item/nokia-lumia-1520-600659490
Nokia lumia 830,"40,00 ‚Ç¨",https://es.wallapop.com/item/nokia-lumia-830-665425385
PANTALLA NOKIA LUMIA 640 NUEVA,"10,00 ‚Ç¨",https://es.wallapop.com/item/pantalla-nokia-lumia-640-nueva-671622131
NOKIA LUMIA 435 BLANCO,"30,00 ‚Ç¨",https://es.wallapop.com/item/nokia-lumia-435-blanco-567763505
bateria nokia bv-t5c,"15,00 ‚Ç¨",https://es.wallapop.com/item/bateria-nokia-bv-t5c-874091478
Caja Nokia Lumia 925,"5,00 ‚Ç¨",https://es.wallapop.com/item/caja-nokia-lumia-925-651614309
Nokia Lumia 520,"15,00 ‚Ç¨",https://es.wallapop.com/item/nokia-lumia-520-732256646
Nokia Lumia 530,"20,00 ‚Ç¨",https://es.wallapop.com/item/nokia-lumia-530-624451905
Nokia lumia 925,"45,00 ‚Ç¨",https://es.wallapop.com/item/nokia-lumia-925-589587281
Nokia Lumia 520,"25,00 ‚Ç¨",https://es.wallapop.com/item/nokia-lumia-520-503061452
Smartphone Nokia 520,"5,00 ‚Ç¨",https://es.wallapop.com/item/smartphone-nokia-520-726928827
Microsoft Lumia RM 1089,"10,00 ‚Ç¨",https://es.wallapop.com/item/microsoft-lumia-rm-1089-872556503
NOKIA 610 LIBRE (SIN TAPA TRASERA),"7,00 ‚Ç¨",https://es.wallapop.com/item/nokia-610-libre-sin-tapa-trasera-862967379
Nokia Lumia 520,"10,00 ‚Ç¨",https://es.wallapop.com/item/nokia-590283371
Nokia Lumia 520 rojo,"25,00 ‚Ç¨",https://es.wallapop.com/item/nokia-lumia-520-rojo-530287004
Nokia Lumia 520,"10,00 ‚Ç¨",https://es.wallapop.com/item/nokia-lumia-520-454218810
Tapa Nokia Lumia 635,"2,00 ‚Ç¨",https://es.wallapop.com/item/tapa-nokia-lumia-635-543749488
Nokia Lumia 830 LIBRE,"40,00 ‚Ç¨",https://es.wallapop.com/item/nokia-lumia-830-libre-531407827
Nokia Lumia 520,"15,00 ‚Ç¨",https://es.wallapop.com/item/nokia-lumia-520-734673188
Nokia Lumia 520,"35,00 ‚Ç¨",https://es.wallapop.com/item/nokia-lumia-520-502161828
Nokia lumia 520,"28,00 ‚Ç¨",https://es.wallapop.com/item/nokia-lumia-520-455535774
Caja nokia,"3,00 ‚Ç¨",https://es.wallapop.com/item/caja-nokia-767432652
Nokia Lumia 520,"8,00 ‚Ç¨",https://es.wallapop.com/item/nokia-lumia-520-563200388
Nokia Lumia 520,"40,00 ‚Ç¨",https://es.wallapop.com/item/nokia-lumia-520-614536633
Accesorios originales Nokia lumia 500,"50,00 ‚Ç¨",https://es.wallapop.com/item/accesorios-originales-nokia-lumia-500-512745724
nokia lumia n800,"40,00 ‚Ç¨",https://es.wallapop.com/item/nokia-n800-421518628
Tel√©fono m√≥vil NOKIA 620 lumia,"5,00 ‚Ç¨",https://es.wallapop.com/item/telefono-movil-nokia-620-lumia-786618497
nokia lumia 610,"30,00 ‚Ç¨",https://es.wallapop.com/item/nokia-lumia-610-488382964
Nokia Lumia 625,"20,00 ‚Ç¨",https://es.wallapop.com/item/nokia-lumia-625-413816544
Nokia Lumia 520,"25,00 ‚Ç¨",https://es.wallapop.com/item/nokia-lumia-520-413832856
Cargador Nokia Lumia,"3,00 ‚Ç¨",https://es.wallapop.com/item/cargador-nokia-lumia-367986066
Nokia Lumia 900,"45,00 ‚Ç¨",https://es.wallapop.com/item/nokia-lumia-900-612742349
mov√≠l Nokia Lumia 650,"35,00 ‚Ç¨",https://es.wallapop.com/item/movil-nokia-lumia-650-597814470
Nokia lumia 720,"30,00 ‚Ç¨",https://es.wallapop.com/item/nokia-lumia-720-582319911
Nokia lumia 710,"25,00 ‚Ç¨",https://es.wallapop.com/item/nokia-lumia-710-582318111
Nokia Lumia 520,"20,00 ‚Ç¨",https://es.wallapop.com/item/nokia-lumia-520-631807559
Nokia Lumia 920,"15,00 ‚Ç¨",https://es.wallapop.com/item/nokia-lumia-920-587752251
Movil Nokia Lumia 520,"13,00 ‚Ç¨",https://es.wallapop.com/item/movil-nokia-lumia-520-602955986
Nokia Lumia 625,"20,00 ‚Ç¨",https://es.wallapop.com/item/nokia-lumia-625-662727480
Nokia Lumia 520,"20,00 ‚Ç¨",https://es.wallapop.com/item/nokia-lumia-520-636607217
Nokia lumia 520,"3,00 ‚Ç¨",https://es.wallapop.com/item/nokia-lumia-520-585248082
Nokia Lumia 535,"15,00 ‚Ç¨",https://es.wallapop.com/item/nokia-lumia-535-582993708
Nokia Lumia 650,"30,00 ‚Ç¨",https://es.wallapop.com/item/nokia-lumia-650-601036964
Nokia Lumia 635 Windows phone a estrenar,"20,00 ‚Ç¨",https://es.wallapop.com/item/nokia-lumia-635-windows-phone-a-estrenar-415364478
nokia lumia 520,"30,00 ‚Ç¨",https://es.wallapop.com/item/nokia-lumia-520-574849665
Nokia (Microsoft) Lumia 640 Xl Dual Sim Libre +,"65,00 ‚Ç¨",https://es.wallapop.com/item/nokia-microsoft-lumia-640-xl-dual-sim-libre-729263468
NOKIA LUMIA 520,"89,00 ‚Ç¨",https://es.wallapop.com/item/nokia-lumia-520-601011240
Nokia Lumina 520,"50,00 ‚Ç¨",https://es.wallapop.com/item/nokia-lumina-520-740349974
Nokia Lumia 710,"9,00 ‚Ç¨",https://es.wallapop.com/item/nokia-lumia-710-624366942
Nokia Lumia 530,"14,00 ‚Ç¨",https://es.wallapop.com/item/nokia-lumia-530-451266440
M√≥vil Nokia Lumia 520,"1,00 ‚Ç¨",https://es.wallapop.com/item/movil-nokia-lumia-520-558917957
Smartphone Nokia Lumia 535,"25,00 ‚Ç¨",https://es.wallapop.com/item/smartphone-nokia-lumia-535-430263242
NOKIA LUMIA 520,"30,00 ‚Ç¨",https://es.wallapop.com/item/nokia-lumia-520-602350089
Lote de m√≥viles,"7,99 ‚Ç¨",https://es.wallapop.com/item/lote-de-moviles-973677810
TEL√âFONO M√ìVIL NOKIA 520,"10,00 ‚Ç¨",https://es.wallapop.com/item/nokia-520-768560988
Nokia Lumia 610,"25,00 ‚Ç¨",https://es.wallapop.com/item/nokia-lumia-610-531429146
Nokia Lumia 625 libre funciona todo bien,"25,00 ‚Ç¨",https://es.wallapop.com/item/nokia-lumia-625-libre-funciona-todo-bien-604456206
funda nokia lumia n925,"3,00 ‚Ç¨",https://es.wallapop.com/item/funda-nokia-lumia-n925-650495222
Nokia Lumia 625 ¬°ORANGE!,"30,00 ‚Ç¨",https://es.wallapop.com/item/nokia-lumia-625-610868150
Nokia Lumia 650,"50,00 ‚Ç¨",https://es.wallapop.com/item/nokia-lumia-650-604124011
Bater√≠a NOKIA BP-5T,"4,00 ‚Ç¨",https://es.wallapop.com/item/bateria-nokia-bp-5t-739779595
M√≥vil Nokia Lumia 520,"25,00 ‚Ç¨",https://es.wallapop.com/item/movil-nokia-lumia-520-586988761
Funda Lumia 1020,"25,00 ‚Ç¨",https://es.wallapop.com/item/cover-lumia-1020-702569220
Nokia lumia 635,"1,00 ‚Ç¨",https://es.wallapop.com/item/nokia-lumia-635-431159290
Movil Nokia lumia 530 con windows 8.1 update,"15,00 ‚Ç¨",https://es.wallapop.com/item/movil-nokia-lumia-530-con-windows-8-1-update-461674815
Movil Nokia Lumia 610 NFC,"11,00 ‚Ç¨",https://es.wallapop.com/item/movil-nokia-lumia-610-nfc-695430492
m√≥vil Nokia,"50,00 ‚Ç¨",https://es.wallapop.com/item/movil-nokia-621367448
4 fundas de piel para tel√©fonos m√≥viles,"6,00 ‚Ç¨",https://es.wallapop.com/item/set-4-custodie-in-pelle-per-cellulare-899620961
Nokia lumia 520,"25,00 ‚Ç¨",https://es.wallapop.com/item/nokia-lumia-520-197973511
TLF NOKIA LUMIA 520,"20,00 ‚Ç¨",https://es.wallapop.com/item/tlf-nokia-lumia-520-339187966
Nokia Lumia 520,"30,00 ‚Ç¨",https://es.wallapop.com/item/nokia-lumia-520-273675887
Nokia,"15,00 ‚Ç¨",https://es.wallapop.com/item/nokia-lumia-818380478
Nokia Lumia 635,"30,00 ‚Ç¨",https://es.wallapop.com/item/nokia-lumia-635-472099432
nokia lumia para compa√±ia vodafone,"10,00 ‚Ç¨",https://es.wallapop.com/item/nokia-lumia-para-compania-vodafone-418113514
Nokia Lumia,"35,00 ‚Ç¨",https://es.wallapop.com/item/nokia-lumia-303205726
Nokia Lumia 925,"30,00 ‚Ç¨",https://es.wallapop.com/item/nokia-lumia-925-606389307
Nokia Lumia 530,"40,00 ‚Ç¨",https://es.wallapop.com/item/nokia-lumia-530-600584039
Funda con tapa Movil,"8,00 ‚Ç¨",https://es.wallapop.com/item/funda-con-tapa-movil-819220662
FUNDA PARA MOVIL NOKIA LUMIA 435,"2,00 ‚Ç¨",https://es.wallapop.com/item/funda-para-movil-nokia-lumia-435-502874409
M√≥vil Nokia lumia,"20,00 ‚Ç¨",https://es.wallapop.com/item/movil-nokia-lumia-466816656
Mobil Nokia Lumia 800,"20,00 ‚Ç¨",https://es.wallapop.com/item/mobil-nokia-lumia-800-519306706
Tel√©fono Nokia Lumia 710,"10,00 ‚Ç¨",https://es.wallapop.com/item/nokia-lumia-710-569264809
NOKIA LUMIA 640XL,"25,00 ‚Ç¨",https://es.wallapop.com/item/nokia-lumia-640xl-479238083
NOKIA LUMIA 930 LIBRE,"160,00 ‚Ç¨",https://es.wallapop.com/item/nokia-lumia-930-libre-205073094
Se vende Nokia,"40,00 ‚Ç¨",https://es.wallapop.com/item/se-vende-nokia-730822423
Nokia Lumia 635,"20,00 ‚Ç¨",https://es.wallapop.com/item/nokia-lumia-635-204958739
Moviles Nokia Lumia 520,"35,00 ‚Ç¨",https://es.wallapop.com/item/moviles-nokia-lumia-520-386194518
Nokia Lumia 925 16Gb,"30,00 ‚Ç¨",https://es.wallapop.com/item/nokia-lumia-925-16gb-555627517
tel√©fono m√≥vil,"15,00 ‚Ç¨",https://es.wallapop.com/item/cellulare-848679310
Funda Nokia Lumia 640,"3,00 ‚Ç¨",https://es.wallapop.com/item/funda-nokia-lumia-640-590307976
M√≥vil Nokia,"60,00 ‚Ç¨",https://es.wallapop.com/item/movil-nokia-625236854
Nokia Lumia 520,"20,00 ‚Ç¨",https://es.wallapop.com/item/nokia-lumia-520-363022137
smartphone Nokia,"20,00 ‚Ç¨",https://es.wallapop.com/item/smartphone-nokia-466382530
Nokia lumia 820,"40,00 ‚Ç¨",https://es.wallapop.com/item/nokia-lumia-820-318992850
bater√≠a nokia lumia 640,"10,00 ‚Ç¨",https://es.wallapop.com/item/bateria-lumia-640-187279740
Digitalizador Nokia Lumia 510 N510,"5,00 ‚Ç¨",https://es.wallapop.com/item/digitalizador-nokia-lumia-510-n510-650644534
Dos IPhones 4 y 5 y un Nokia para piezas el Nokia,"10,00 ‚Ç¨",https://es.wallapop.com/item/dos-iphones-4-y-5-y-un-nokia-para-piezas-el-nokia-782969931
Nokia antiguos,"10,00 ‚Ç¨",https://es.wallapop.com/item/nokia-antiguos-699464826
Funda m√≥vil NOKIA Lumia 535,"2,00 ‚Ç¨",https://es.wallapop.com/item/funda-movil-575942539
NOKIA LUMIA 800,"30,00 ‚Ç¨",https://es.wallapop.com/item/nokia-lumia-800-449137439
Nokia Lumia 635,"20,00 ‚Ç¨",https://es.wallapop.com/item/nokia-lumia-635-480239799
Funda Nokia Lumia 830,"5,00 ‚Ç¨",https://es.wallapop.com/item/funda-nokia-lumia-830-310011424
Movil Nokia Lumia 520,"10,00 ‚Ç¨",https://es.wallapop.com/item/movil-nokia-lumia-520-187082265
NOKIA LUMIA 625 PANTALLA ROTA,"9,99 ‚Ç¨",https://es.wallapop.com/item/nokia-lumia-625-pantalla-rota-503658169
Nokia lumia 530,"15,00 ‚Ç¨",https://es.wallapop.com/item/nokia-lumia-530-451576825
nokia lumia 920,"40,00 ‚Ç¨",https://es.wallapop.com/item/nokia-lumia-920-282485538
nokia lumia 830,"15,00 ‚Ç¨",https://es.wallapop.com/item/nokia-lumia-830-274344822
Lumia 530 dis√≠pese en buen estado,"6,50 ‚Ç¨",https://es.wallapop.com/item/lumia-530-disipese-en-buen-estado-681196434
Funda Nokia Lumia 925,"2,00 ‚Ç¨",https://es.wallapop.com/item/funda-nokia-lumia-925-389666899
nokia lumia,"30,00 ‚Ç¨",https://es.wallapop.com/item/nokia-295268316
Windows Phone Nokia,"40,00 ‚Ç¨",https://es.wallapop.com/item/windows-phone-nokia-668903056
Nokia lumia 530,"40,00 ‚Ç¨",https://es.wallapop.com/item/nokia-lumia-530-167574243
Nokia Lumia 520,"45,00 ‚Ç¨",https://es.wallapop.com/item/nokia-lumia-520-52578086
celular,"300,00 ‚Ç¨",https://es.wallapop.com/item/cellulare-705812127
nokia windows,"10,00 ‚Ç¨",https://es.wallapop.com/item/nokia-windows-457206673
Nokia Lumia 800,"30,00 ‚Ç¨",https://es.wallapop.com/item/nokia-lumia-800-173148997
PROTECTOR DE PANTALLA NOKIA LUMIA 640 XL,"1,00 ‚Ç¨",https://es.wallapop.com/item/protector-de-pantalla-nokia-lumia-640-xl-276646423
carcasa Nokia Lumia 550.,"15,00 ‚Ç¨",https://es.wallapop.com/item/carcasa-nokia-lumia-550-307729921
Nokia Lumia 635,"43,00 ‚Ç¨",https://es.wallapop.com/item/nokia-lumia-635-265041492
nokia lumia,"10,00 ‚Ç¨",https://es.wallapop.com/item/nokia-lumia-349199170
Nokia Lumia 635 libre,"45,00 ‚Ç¨",https://es.wallapop.com/item/nokia-lumia-635-libre-316927645
Funda para tel√©fono,"6,00 ‚Ç¨",https://es.wallapop.com/item/cover-per-cellulare-879013370
Bateria Original NOKIA BL-4J,"10,00 ‚Ç¨",https://es.wallapop.com/item/bateria-original-nokia-bl-4j-857274776
Nokia 520,"8,00 ‚Ç¨",https://es.wallapop.com/item/nokia-520-518253695
Nokia lumia 635,"60,00 ‚Ç¨",https://es.wallapop.com/item/nokia-lumia-635-229650200
Nokia lumia 635,"58,00 ‚Ç¨",https://es.wallapop.com/item/nokia-lumia-635-238395289
Carcasas para Nokia Lumia 710,"5,00 ‚Ç¨",https://es.wallapop.com/item/carcasas-para-nokia-lumia-710-94260327
Nokia Lumia 520,"38,00 ‚Ç¨",https://es.wallapop.com/item/nokia-lumia-520-255788472
Nokia Bl-5J,"20,00 ‚Ç¨",https://es.wallapop.com/item/nokia-bl-5j-709696730
Bloque de piezas de repuesto para tel√©fonos m√≥viles NUEVOS,"10,00 ‚Ç¨",https://es.wallapop.com/item/blocco-ricambi-per-cellulari-nuovi-907550347
pantallas nokia lumia 520 y 620,"10,00 ‚Ç¨",https://es.wallapop.com/item/pantallas-nokia-lumia-520-y-620-176178250
Nokia 520,"15,00 ‚Ç¨",https://es.wallapop.com/item/nokia-520-477110829
Nokia Lumia 610 // Vodafone,"7,99 ‚Ç¨",https://es.wallapop.com/item/nokia-610-306632595
Nokia lumia 635,"40,00 ‚Ç¨",https://es.wallapop.com/item/nokia-lumia-635-133426099
Carcasa nokia lumia 620 nueva,"3,00 ‚Ç¨",https://es.wallapop.com/item/carcasa-nokia-lumia-620-nueva-480646545
protector de pantalla,"3,00 ‚Ç¨",https://es.wallapop.com/item/protector-de-pantalla-813756235
Nokia lumia 530,"40,00 ‚Ç¨",https://es.wallapop.com/item/nokia-lumia-530-187871694
Nokia Lumia 520 Nuevo.,"40,00 ‚Ç¨",https://es.wallapop.com/item/nokia-lumia-520-nuevo-58882404
Botones del Nokia Lumia 520 630 710 635 930 620,"3,00 ‚Ç¨",https://es.wallapop.com/item/botones-del-nokia-lumia-520-630-710-635-930-620-586728620
Nokia Lumia 520,"40,00 ‚Ç¨",https://es.wallapop.com/item/movil-147079374
Nokia lumia 520,"40,00 ‚Ç¨",https://es.wallapop.com/item/nokia-lumia-520-162133742
Caja Nokia Lumia 950,"5,00 ‚Ç¨",https://es.wallapop.com/item/caja-nokia-lumia-950-234421137
Nokia lumia 520,"15,00 ‚Ç¨",https://es.wallapop.com/item/nokia-lumia-520-129383261
NOKIA LUMIA 520 de Vodafone,"65,00 ‚Ç¨",https://es.wallapop.com/item/nokia-lumia-520-de-vodafone-82008265
Nokia lumia 625 (Amarillo),"25,00 ‚Ç¨",https://es.wallapop.com/item/nokia-lumia-625-amarillo-38306300
Telefono Nokia Lumia N610,"15,00 ‚Ç¨",https://es.wallapop.com/item/telefono-nokia-lumia-n610-61286599
LUMIA 900 + Office,"150,00 ‚Ç¨",https://es.wallapop.com/item/lumia-900-office-504501661
Movil nokia lumia 635,"8,00 ‚Ç¨",https://es.wallapop.com/item/movil-nokia-lumia-635-140716514
Nokia Lumia 925 MoviStar cambiar bater√≠a.,"25,00 ‚Ç¨",https://es.wallapop.com/item/nokia-lumia-925-movistar-361698794
nokia lumia710,"35,00 ‚Ç¨",https://es.wallapop.com/item/nokia-lumia710-300172604
Nokia Lumia 925,"10,00 ‚Ç¨",https://es.wallapop.com/item/nokia-lumia-925-277605281
Lumia 1320 Gran Pantalla,"89,00 ‚Ç¨",https://es.wallapop.com/item/lumia-1320-gran-pantalla-515879985
Nokia Lumia 635,"40,00 ‚Ç¨",https://es.wallapop.com/item/nokia-lumia-635-86024057
Nokia Lumia 520,"30,00 ‚Ç¨",https://es.wallapop.com/item/nokia-lumia-520-120781918
Nokia lumia 520,"36,00 ‚Ç¨",https://es.wallapop.com/item/nokia-lumia-520-150134829
Vendo fundas para Nokia Lumia 520,"1,00 ‚Ç¨",https://es.wallapop.com/item/vendo-movil-nokia-l7mia-520-y-2-fundas-363805065
"Funda m√≥vil Nokia Lumia 925,","5,00 ‚Ç¨",https://es.wallapop.com/item/funda-movil-nokia-lumia-925-149818869
Nokia Lumia 635 4G libre,"42,00 ‚Ç¨",https://es.wallapop.com/item/nokia-lumia-635-4g-libre-87063104
Nokia Lumia 625 Windows phone,"50,00 ‚Ç¨",https://es.wallapop.com/item/nokia-lumia-625-windows-phone-410160445
NOKIA 520,"10,00 ‚Ç¨",https://es.wallapop.com/item/nokia-520-501173352
"Lote 6 M√≥vil Nokia Lumia, Samsung Htc, Alcatel, VF","50,00 ‚Ç¨",https://es.wallapop.com/item/movil-nokia-lumia-samsung-htc-y-alcatel-549460072
Carcasa Lumia 625,"6,00 ‚Ç¨",https://es.wallapop.com/item/carcasa-lumia-625-333527997
M√≥dulo trasero.,"3,00 ‚Ç¨",https://es.wallapop.com/item/modulo-trasero-659900958
NOKIA LUMIA 635,"60,00 ‚Ç¨",https://es.wallapop.com/item/nokia-lumia-635-122805656
Funda movil nokia lumia 630,"7,95 ‚Ç¨",https://es.wallapop.com/item/funda-movil-nokia-lumia-630-45357339
M√≥vil Nokia Lumia 520 sin estrenar,"25,00 ‚Ç¨",https://es.wallapop.com/item/movil-nokia-lumia-520-126866817
Nokia Lumia 625,"40,00 ‚Ç¨",https://es.wallapop.com/item/nokia-lumia-625-51905583
telefono nokia,"5,00 ‚Ç¨",https://es.wallapop.com/item/telefono-nokia-193959955
Nokia lumia 610 nfc,"5,00 ‚Ç¨",https://es.wallapop.com/item/nokia-lumia-610-nfc-194484181
Funda m√≥vil Nokia Lumia 925,"1,00 ‚Ç¨",https://es.wallapop.com/item/funda-movil-nokia-lumia-925-209640727
Bateria Nokia Bl 5cb (sgp35),"7,00 ‚Ç¨",https://es.wallapop.com/item/bateria-nokia-bl-5cb-sgp35-812036436
Movil Nokia Lumia 610 nuevo,"10,00 ‚Ç¨",https://es.wallapop.com/item/movil-nokia-lumia-610-nuevo-193752603
Nokia Lumia 610 !!!,"15,00 ‚Ç¨",https://es.wallapop.com/item/nokia-lumia-610-60308966
Funda Nokia,"5,00 ‚Ç¨",https://es.wallapop.com/item/funda-nokia-320862489
Nokia lumia 630,"15,00 ‚Ç¨",https://es.wallapop.com/item/nokia-lumia-630-92304996
Nokia Lumia 530 Nuevo a estrenar,"30,00 ‚Ç¨",https://es.wallapop.com/item/nokia-lumia-530-nuevo-12336573
MOVIL NOKIA LUMIA 735,"30,00 ‚Ç¨",https://es.wallapop.com/item/movil-nokia-lumia-735-251125089
Fundas Nokia lumia 520 + carcasa. A ESTRENAR,"3,00 ‚Ç¨",https://es.wallapop.com/item/funda-nokia-lumia-520-nueva-107277128
Funda negra Nokia Lumia 625,"3,00 ‚Ç¨",https://es.wallapop.com/item/funda-nokia-lumia-625-33212731
movil lumia 435,"50,00 ‚Ç¨",https://es.wallapop.com/item/movil-lumia-435-347982334
Nokia lumia 520,"30,00 ‚Ç¨",https://es.wallapop.com/item/nokia-lumia-520-70018030
Fundas silicona Nokia Lumia 625,"2,00 ‚Ç¨",https://es.wallapop.com/item/fundas-nokia-lumia-625-33215182
lote de m√≥viles,"1,00 ‚Ç¨",https://es.wallapop.com/item/samsung-j5-721504042
BASE DE CARGA para MOVIL,"6,00 ‚Ç¨",https://es.wallapop.com/item/base-de-carga-para-movil-657214607
Tel√©fono m√≥vil Nokia,"35,00 ‚Ç¨",https://es.wallapop.com/item/telefono-movil-152912346
M√ìVIL NOKIA 610 LUMIA,"20,00 ‚Ç¨",https://es.wallapop.com/item/movil-nokia-610-93029603
Funda Nokia Lumia 520 (nueva),"3,00 ‚Ç¨",https://es.wallapop.com/item/funda-nokia-lumia-520-nueva-109183917
M√≥vil Nokia lumia 800,"50,00 ‚Ç¨",https://es.wallapop.com/item/movil-nokia-lumia-800-67154911
Vendo Lumia 925 Libre,"50,00 ‚Ç¨",https://es.wallapop.com/item/vendo-lumia-925-libre-o-cambio-por-samsung-s5-60537135
Funda Nokia Lumia 520/525 Azul,"3,00 ‚Ç¨",https://es.wallapop.com/item/funda-nokia-lumia520-525azul-47275993
funda n520 nokia,"5,00 ‚Ç¨",https://es.wallapop.com/item/funda-n520-nokia-288317219
M√≥vil NOKIA LUMIA,"30,00 ‚Ç¨",https://es.wallapop.com/item/movil-nokia-lumia-82478117
smartphone Nokia,"50,00 ‚Ç¨",https://es.wallapop.com/item/smartphone-nokia-318984944
Bateria Nokia,"8,00 ‚Ç¨",https://es.wallapop.com/item/bateria-nokia-368542436
"pack , lote vodafone , htc touch elf y lumia 610","10,00 ‚Ç¨",https://es.wallapop.com/item/pack-lote-vodafone-htc-touch-elf-y-lumia-610-332556573
Nokia 920,"50,00 ‚Ç¨",https://es.wallapop.com/item/nokia-920-55439572
Movil,"25,00 ‚Ç¨",https://es.wallapop.com/item/movil-253928535
Funda silicona,"5,00 ‚Ç¨",https://es.wallapop.com/item/funda-silicona-155299104
SMARTPHONE NOKIA LUMIA 520 NEGRO LIBRE,"40,00 ‚Ç¨",https://es.wallapop.com/item/noki-lumia-520-negro-libre-83671708
Movil Lumia 535 Dual SIM,"10,00 ‚Ç¨",https://es.wallapop.com/item/lumia-535-dual-sim-101199170
HTC Desire C + Nokia 710 (Para reparar).,"15,00 ‚Ç¨",https://es.wallapop.com/item/smartphone-nokia-710-vodafone-487341898
Tel√©fono m√≥vil,"0,00 ‚Ç¨",https://es.wallapop.com/item/telefono-movil-163609438
m√≥vil Samsung Galaxy mini,"15,00 ‚Ç¨",https://es.wallapop.com/item/movil-samsung-galaxy-mini-744435033
microsoft lumia 535 para PIEZAS,"10,00 ‚Ç¨",https://es.wallapop.com/item/microsoft-lumia-535-para-piezas-196566409
Carcasa Trasera Microsoft Lumia Azul,"5,00 ‚Ç¨",https://es.wallapop.com/item/carcasa-trasera-microsoft-lumia-azul-186433333
Nokia n 95 8gb,"25,00 ‚Ç¨",https://es.wallapop.com/item/nokia-n-95-8gb-134940196
TEL√âFONO M√ìVIL NOKIA,"22,00 ‚Ç¨",https://es.wallapop.com/item/telefono-movil-nokia-383894326
Movil Nokia 520,"10,00 ‚Ç¨",https://es.wallapop.com/item/mobil-nokia-520-143947454
Tapas traseras y fundas Nokia,"3,00 ‚Ç¨",https://es.wallapop.com/item/tapas-traseras-y-fundas-nokia-139506321
Nokia Lumia 520 Windows Phone,"40,00 ‚Ç¨",https://es.wallapop.com/item/nokia-lumia-520-windows-phone-1002265334
MOVILES SMART PHONE,"0,00 ‚Ç¨",https://es.wallapop.com/item/moviles-smart-phone-213840718
Carcasa m√≥vil,"1,00 ‚Ç¨",https://es.wallapop.com/item/carcasa-movil-235832443
Nokia 520,"25,00 ‚Ç¨",https://es.wallapop.com/item/nokia-520-76146290
Tapa traseras,"3,50 ‚Ç¨",https://es.wallapop.com/item/tapa-traseras-457591305
Funda m√≥vil Nokia 800.,"7,00 ‚Ç¨",https://es.wallapop.com/item/funda-movil-nokia-800-130238845
M√≥vil roto,"4,00 ‚Ç¨",https://es.wallapop.com/item/movil-roto-405224719
Mobil,"20,00 ‚Ç¨",https://es.wallapop.com/item/mobil-219348610
vendo fundas y carcasas para tel√©fonos,"0,00 ‚Ç¨",https://es.wallapop.com/item/vendo-fundas-y-carcasas-para-telefonos-638481035
movil,"25,00 ‚Ç¨",https://es.wallapop.com/item/movil-486589377
orange monte Carlo,"20,00 ‚Ç¨",https://es.wallapop.com/item/orange-monte-carlo-610862690
Funda m√≥vil,"2,00 ‚Ç¨",https://es.wallapop.com/item/funda-movil-183922913
Nokia Lumia 520,"30,00 ‚Ç¨",https://es.wallapop.com/item/nokia-lumia-520-1001099978
Tel√©fono m√≥vil,"60,00 ‚Ç¨",https://es.wallapop.com/item/telefono-movil-162164937
SONY ERICSSON T 303,"15,00 ‚Ç¨",https://es.wallapop.com/item/sony-ericsson-t-303-381043192
Movil,"50,00 ‚Ç¨",https://es.wallapop.com/item/movil-128031800
Carcasa m√≥vil,"4,00 ‚Ç¨",https://es.wallapop.com/item/carcasa-movil-178326110
Protectores de pantalla de cristal templado,"3,00 ‚Ç¨",https://es.wallapop.com/item/protectores-de-pantalla-de-cristal-templado-361223154
Funda,"10,00 ‚Ç¨",https://es.wallapop.com/item/funda-33588906
Movil celular tel√©fono para piezas de recambio,"5,00 ‚Ç¨",https://es.wallapop.com/item/movil-celular-telefono-para-piezas-de-recambio-907492308
Mobiles para arreglar,"20,00 ‚Ç¨",https://es.wallapop.com/item/mobiles-para-arreglar-102408510
Joystick Arcade Mini anal√≥gico para M√≥vil tablet,"5,00 ‚Ç¨",https://es.wallapop.com/item/joystick-arcade-mini-analogico-para-movil-tablet-350702713
Funda para m√≥vil,"2,00 ‚Ç¨",https://es.wallapop.com/item/funda-para-movil-81965001
Lote 9 m√≥viles antiguos para piezas sin liberar,"85,00 ‚Ç¨",https://es.wallapop.com/item/lote-9-moviles-antiguos-para-piezas-sin-liberar-637994294
Nokia Lumia 635 (incluye cargador),"40,00 ‚Ç¨",https://es.wallapop.com/item/nokia-lumia-635-incluye-cargador-996596121
Nokia Lumia 435,"1,00 ‚Ç¨",https://es.wallapop.com/item/nokia-lumia-435-985127512
M√≥vil Nokia Lumia 520 Vodafone,"15,00 ‚Ç¨",https://es.wallapop.com/item/movil-nokia-lumia-520-vodafone-987512692
Nokia Lumia 520,"30,00 ‚Ç¨",https://es.wallapop.com/item/nokia-lumia-520-988700876
Nokia Lumia 925 Movistar,"20,00 ‚Ç¨",https://es.wallapop.com/item/nokia-lumia-925-movistar-982324890
M√≥vil Nokia Lumia 725,"10,00 ‚Ç¨",https://es.wallapop.com/item/movil-nokia-lumia-725-981102579
Nokia lumia 640,"10,00 ‚Ç¨",https://es.wallapop.com/item/nokia-lumia-640-974179602
Nokia Lumia 930 64GB Black,"60,00 ‚Ç¨",https://es.wallapop.com/item/nokia-lumia-930-64gb-black-975381747
Nokia Lumia 610,"15,00 ‚Ç¨",https://es.wallapop.com/item/nokia-lumia-610-941905059
Nokia lumia,"20,00 ‚Ç¨",https://es.wallapop.com/item/nokia-lumia-945999345
Nokia Lumia 1020 con su caja libre,"80,00 ‚Ç¨",https://es.wallapop.com/item/nokia-lumia-1020-con-su-caja-931533767
Nokia Lumia 640 LTE Blanco Nuevo,"49,00 ‚Ç¨",https://es.wallapop.com/item/nokia-lumia-640-lte-blanco-nuevo-938287656
Telefono movil Nokia Lumia 520,"15,00 ‚Ç¨",https://es.wallapop.com/item/telefono-movil-nokia-lumia-520-945515524
"Nokia Lumia 635-RM-974, NUNCA USADO","25,00 ‚Ç¨",https://es.wallapop.com/item/nokia-lumia-635-rm-974-nunca-usado-916798621
Nokia Lumia 520,"20,00 ‚Ç¨",https://es.wallapop.com/item/nokia-lumia-520-863418428
Windows Phone-NOKIA Lumia,"15,00 ‚Ç¨",https://es.wallapop.com/item/windows-phone-nokia-lumia-870479589
Nokia Lumia 925,"50,00 ‚Ç¨",https://es.wallapop.com/item/nokia-lumia-925-904508703
Nokia lumia 520,"40,00 ‚Ç¨",https://es.wallapop.com/item/nokia-lumia-520-900708148
nokia lumia 710,"25,00 ‚Ç¨",https://es.wallapop.com/item/nokia-lumia-710-843740180
Nokia Windows Phone Lumia 530 MOVISTAR,"10,00 ‚Ç¨",https://es.wallapop.com/item/nokia-windows-phone-lumia-530-movistar-868309200
tel√©fono m√≥vil,"25,00 ‚Ç¨",https://es.wallapop.com/item/cellulare-957278356
Nokia Lumia 520,"0,00 ‚Ç¨",https://es.wallapop.com/item/nokia-lumia-520-773693489
NOKIA LUMIA 520 como nuevo se us√≥ dos d√≠as,"14,00 ‚Ç¨",https://es.wallapop.com/item/nokia-lumia-520-como-nuevo-se-uso-dos-dias-861419701
Nokia Lumia 630,"20,00 ‚Ç¨",https://es.wallapop.com/item/nokia-lumia-630-806837079
"m√≥vil Nokia Lumia 925 gris, incluye 2 fundas.libre","41,00 ‚Ç¨",https://es.wallapop.com/item/movil-nokia-lumia-925-gris-incluye-2-fundas-847739925
Nokia 635,"30,00 ‚Ç¨",https://es.wallapop.com/item/nokia-635-891132810
bater√≠a Nokia BL-5J,"5,00 ‚Ç¨",https://es.wallapop.com/item/bateria-nokia-bl-5j-893591922
Nokia Lumia 800,"25,00 ‚Ç¨",https://es.wallapop.com/item/nokia-lumia-800-739840097
Movil Nokia Lumia 625 smartphone,"35,00 ‚Ç¨",https://es.wallapop.com/item/movil-nokia-lumia-625-smartphone-760751359
Nokia Lumia 830 smartphone Libre,"35,00 ‚Ç¨",https://es.wallapop.com/item/nokia-lumia-830-smartphone-libre-725923657
Bater√≠a Nokia,"10,00 ‚Ç¨",https://es.wallapop.com/item/bateria-nokia-878187974
Vendo Nokia Lumia 610 color blanco. Alicante,"12,00 ‚Ç¨",https://es.wallapop.com/item/vendo-nokia-lumia-610-colo-blanco-alicante-717127848
"2 Nokia Lumia 625 (Vodafone Espa√±a), con sus cajas","20,00 ‚Ç¨",https://es.wallapop.com/item/2-nokia-lumia-625-vodafone-espana-con-sus-cajas-718326054
Nokia Lumia 625,"30,00 ‚Ç¨",https://es.wallapop.com/item/nokia-lumia-625-562931319
Protector pantalla Nokia Lumia 535,"1,50 ‚Ç¨",https://es.wallapop.com/item/protector-pantalla-nokia-lumia-535-597646273
NOKIA LUMIA 520,"0,00 ‚Ç¨",https://es.wallapop.com/item/nokia-lumia-520-347141401
M√≥vil Repuesto,"5,00 ‚Ç¨",https://es.wallapop.com/item/nokia-lumia-922357607
Nokia lumia 1020 64gb libre.,"1500,00 ‚Ç¨",https://es.wallapop.com/item/nokia-lumia-1020-64gb-libre-494185477
Nokia Lumia 520,"25,00 ‚Ç¨",https://es.wallapop.com/item/nokia-lumia-520-500586901
Nokia Lumia 520,"40,00 ‚Ç¨",https://es.wallapop.com/item/nokia-lumia-520-235324385
Nokia Lumia 800,"85,00 ‚Ç¨",https://es.wallapop.com/item/nokia-lumia-800-252299137
Nokia Lumia 820 Negro mate,"50,00 ‚Ç¨",https://es.wallapop.com/item/nokia-lumia-820-negro-mate-409415057
m√≥vil,"20,00 ‚Ç¨",https://es.wallapop.com/item/movil-901191036
Protector de Pantalla Nokia Lumia 520,"5,00 ‚Ç¨",https://es.wallapop.com/item/protector-de-pantalla-nokia-lumia-520-125235877
Carcasa Nokia lumia 640 Xl,"5,00 ‚Ç¨",https://es.wallapop.com/item/carcasa-nokia-lumia-5-245279229
Nokia Lumia 620,"25,00 ‚Ç¨",https://es.wallapop.com/item/nokia-lumia-620-117182468
funda,"3,00 ‚Ç¨",https://es.wallapop.com/item/funda-797028432
Fundas Nokia Lumia 520,"1,00 ‚Ç¨",https://es.wallapop.com/item/nokia-lumia-520-126303285
Nokia Lumia 520,"45,00 ‚Ç¨",https://es.wallapop.com/item/nokia-lumia-520-99731199
NOKIA LUNIA 635 4G,"25,00 ‚Ç¨",https://es.wallapop.com/item/nokia-lunia-635-4g-167755852
Funda Carcasa Nokia Lumia 520,"2,00 ‚Ç¨",https://es.wallapop.com/item/funda-carcasa-nokia-lumia-520-40827392
Nokia lumia 925 libre,"30,00 ‚Ç¨",https://es.wallapop.com/item/nokia-lumia-925-libre-88763916
Tel√©fono m√≥vil Nokia Lumia 530,"75,00 ‚Ç¨",https://es.wallapop.com/item/telefono-movil-nokia-lumia-530-8887594
Nokia lumia 735 libre,"50,00 ‚Ç¨",https://es.wallapop.com/item/nokia-lumia-735-53231602
traverino amarillo al corte,"0,00 ‚Ç¨",https://es.wallapop.com/item/traverino-amarillo-al-corte-701648240
Tapa trasera nokia 520 lumia,"5,00 ‚Ç¨",https://es.wallapop.com/item/tapa-trasera-nokia-520-lumia-54332093
Nokia Lumia 640,"90,00 ‚Ç¨",https://es.wallapop.com/item/nokia-lumia-640-500281071
3 Tel√©fonos a la venta (todos o por separado),"0,00 ‚Ç¨",https://es.wallapop.com/item/nokia-5800-xpressmusic-609651379
Fundas de m√≥vil,"1,00 ‚Ç¨",https://es.wallapop.com/item/fundas-de-movil-340709929
